33-16,1.89705
38-11,7.78025
4226,3.19138
4722,4.13476
A188,2.02826
A214N,2.26194
A239,4.93197
A441-5,0.624334
A554,0.0311338
A556,1.84262
A6,1.07891
A619,3.06591
A632,3.79293
A634,3.2159
A635,2.98069
A641,2.71138
A654,3.53332
A659,2.43943
A661,0.40974
A679,4.81004
A680,4.39582
A682,2.79815
Ab28A,2.00214
B10,0.217452
B103,3.04102
B104,0.482818
B105,2.21772
B109,4.37252
B14A,2.92885
B164,0.199218
B2,1.64361
B37,1.65118
B46,2.39622
B52,1.81287
B57,19.4713
B64,2.9417
B68,0.680973
B73,3.86974
B73Htrhm,4.47191
B75,1.81516
B76,3.13169
B77,2.21828
B79,4.80621
B84,4.94437
B97,7.00588
C103,2.83781
C123,3.88028
C49A,0.928452
CH701-30,1.76184
CH9,3.25274
CI187-2,4.59503
CI21E,2.46122
CI28A,1.90639
CI31A,0.819832
CI3A,2.53448
CI64,2.98343
CI66,2.90354
Ci7,1.98045
Ci90C,1.5087
Ci91B,2.44982
CM105,3.6224
CM174,2.79225
CM37,2.16666
CM7,2.64729
CML10,1.63041
CML103,5.0541
CML108,3.04973
CML11,1.64981
CML14,2.39609
CML154Q,1.59894
CML157Q,2.10404
CML158Q,3.34661
CML218,1.79492
CML220,2.00065
CML228,2.72196
CML238,1.15357
CML247,2.6288
CML254,2.37347
CML258,1.55371
CML261,1.66815
CML264,1.85307
CML277,2.83574
CML281,2.67916
CML287,1.4791
CML311,4.57672
CML314,2.65702
CML321,1.23339
CML322,2.17119
CML323,2.00331
CML328,3.09795
CML331,5.65266
CML332,1.87772
CML333,2.9329
CML341,0.612233
CML38,2.32664
CML45,2.7313
CML5,2.02995
CML52,3.3706
CML61,2.33083
CML69,2.8957
CML77,3.4734
CML91,3.30906
CML92,2.27789
CMV3,1.74274
CO106,3.33102
CO125,3.32724
CO255,5.6737
D940Y,3.8473
DE1,3.52864
DE-2,3.04481
DE811,2.36108
E2558W,1.26423
EP1,1.25542
F2834T,1.8458
F44,2.81826
F6,3.24444
F7,2.74587
GA209,2.47825
GT112,1.84446
H105W,2.7514
H49,2.94497
H84,2.61077
H91,4.06867
H95,4.16391
H99,2.3535
Hi27,2.10064
HP301,3.68428
I137TN,2.03085
il677a,2.67132
I205,2.16584
I29,2.73519
IA2132,1.86614
Ia5125,3.03398
IDS28,1.71324
IDS69,3.1886
IDS91,3.22558
Il101,1.92857
Il14H,3.02494
ILLHy,3.70144
K148,1.43359
K4,2.93378
K55,1.9437
K64,1.70444
Ki11,2.72198
Ki14,1.96292
Ki2021,1.73273
Ki21,3.38008
Ki3,3.00903
Ki43,3.21304
Ki44,1.85025
Ky21,2.92067
KY226,1.86865
KY228,3.81893
L317,1.6253
L578,3.17469
M14,2.84508
M162W,3.27095
M37W,2.62081
MEF156-55-2,3.80509
Mo17,3.31469
Mo18W,2.15281
MO1W,2.61149
Mo24W,1.97707
Mo44,1.05548
Mo45,1.59318
Mo46,2.54852
Mo47,3.05966
MoG,2.29818
Mp339,2.60228
MS1334,3.62624
MS153,2.33236
Ms71,3.74197
Mt42,3.9934
N192,4.1619
N28Ht,1.80435
N6,2.85127
N7A,0.983375
NC222,3.1166
NC230,0.592926
NC232,0.562128
NC236,2.34365
NC238,1.92324
NC250,2.83103
NC258,3.64524
NC260,3.39991
NC262,4.51603
NC264,2.56069
NC290A,1.83362
NC294,3.05832
NC296,2.85991
NC296A,1.78575
NC298,2.20164
NC300,1.93792
NC302,3.2255
NC304,1.97077
NC306,4.24266
NC310,4.79656
NC314,3.169
NC318,1.63946
NC320,1.5965
NC324,2.85937
NC326,4.86318
NC328,4.92435
NC33,2.71742
NC336,3.63816
NC338,3.40599
NC340,2.84311
NC342,1.77876
NC344,1.32881
NC346,3.62087
NC348,3.04501
NC350,3.0441
NC352,2.54974
NC354,2.29913
NC356,2.73162
NC358,2.55928
NC360,2.36365
NC362,3.19267
NC364,2.85381
NC366,2.35703
NC368,3.08518
ND246,2.11822
Oh40B,3.21397
Oh43,5.8853
Oh43E,3.15016
Oh603,2.28848
Oh7B,3.36814
Os420,5.40333
P39,2.43166
Pa762,2.67203
Pa875,1.65966
Pa880,1.68285
Pa91,2.7872
R109B,2.29301
R168,2.30401
R177,4.01455
R229,3.98819
R4,2.68155
SA24,2.2361
SC213R,1.90456
SC357,3.23066
SC55,2.21874
SD40,3.4073
SD44,0.984765
Sg1533,4.20788
Sg18,2.84144
T232,2.64748
T234,2.952
T8,4.18284
Tx303,3.38298
Tx601,2.38628
Tzi10,2.81597
Tzi11,2.01442
Tzi16,3.43197
Tzi18,3.4406
Tzi25,3.03272
Tzi8,1.68724
Tzi9,2.17911
U267Y,2.8549
VA102,3.21705
Va14,0.758911
Va17,2.38216
Va22,2.13732
Va26,2.63612
Va35,2.7731
Va59,4.06559
Va85,2.23534
Va99,2.74238
VaW6,18.984
W117Ht,1.69966
W153R,2.12146
W182B,2.16015
W22,7.22019
W64A,4.30763
WD,3.05
Wf9,3.31694
Yu796,2.06638
